{
  "train_loss": [
    0.2643016169896611,
    0.21912211444778512,
    0.23406276530239176,
    0.2086184051517373,
    0.2089512324274505,
    0.21369290819764528,
    0.2091526748723506,
    0.19391547077490162,
    0.19161719761645657,
    0.19089703204826164,
    0.20143785066637737,
    0.18685569263586582,
    0.18036552516882645,
    0.17557130316695907,
    0.1997694959958637,
    0.16540081716416602,
    0.1592125056791657,
    0.15761134124171514,
    0.15005819133275672
  ],
  "val_loss": [
    0.18577054107193836,
    0.18482648110756722,
    0.20394985184719866,
    0.19755755322964746,
    0.20376220072886309,
    0.23000798332868252,
    0.2918228463236428,
    0.17583932485819076,
    0.17152267441110539,
    0.17442819429936154,
    0.28020915607144736,
    0.25251289135394545,
    0.34682747093444044,
    0.17751313674308802,
    0.2256167106048829,
    0.3163374495052245,
    0.7063899560688264,
    0.4444689262807479,
    0.4634504762728853
  ],
  "val_acc": [
    0.9974228313711708,
    0.9968371112282551,
    0.9972764013354419,
    0.9968371112282551,
    0.9968371112282551,
    0.994669946699467,
    0.9973349733497335,
    0.9977156914426287,
    0.997949979499795,
    0.9977449774497745,
    0.9968078252211093,
    0.9975106893926082,
    0.9977449774497745,
    0.9973056873425877,
    0.9910091958062438,
    0.9978621214783576,
    0.9977742634569203,
    0.997803549464066,
    0.9974228313711708
  ]
}